scenario,STATE,decline
2019,Total,5.270101168
2019,Female,5.71383528
2019,Male,5.323907757
2020,Total,5.252997669
2020,Female,5.709008495
2020,Male,5.254178078