scenario,STATE,decline
2019,Total,3.146815734
2019,Female,3.778758583
2019,Male,2.846337283
2020,Total,3.196426423
2020,Female,3.79666101
2020,Male,2.863227415